[{"model": "contenttypes.contenttype", "fields": {"app_label": "auth", "model": "permission"}}, {"model": "contenttypes.contenttype", "fields": {"app_label": "auth", "model": "group"}}, {"model": "contenttypes.contenttype", "fields": {"app_label": "contenttypes", "model": "contenttype"}}, {"model": "contenttypes.contenttype", "fields": {"app_label": "jb_users", "model": "user"}}, {"model": "contenttypes.contenttype", "fields": {"app_label": "taggit", "model": "tag"}}, {"model": "contenttypes.contenttype", "fields": {"app_label": "taggit", "model": "taggeditem"}}, {"model": "contenttypes.contenttype", "fields": {"app_label": "category", "model": "category"}}, {"model": "contenttypes.contenttype", "fields": {"app_label": "admin", "model": "logentry"}}, {"model": "contenttypes.contenttype", "fields": {"app_label": "sessions", "model": "session"}}, {"model": "contenttypes.contenttype", "fields": {"app_label": "sites", "model": "site"}}, {"model": "contenttypes.contenttype", "fields": {"app_label": "thumbnail", "model": "kvstore"}}, {"model": "contenttypes.contenttype", "fields": {"app_label": "account", "model": "emailaddress"}}, {"model": "contenttypes.contenttype", "fields": {"app_label": "account", "model": "emailconfirmation"}}, {"model": "contenttypes.contenttype", "fields": {"app_label": "socialaccount", "model": "socialaccount"}}, {"model": "contenttypes.contenttype", "fields": {"app_label": "socialaccount", "model": "socialapp"}}, {"model": "contenttypes.contenttype", "fields": {"app_label": "socialaccount", "model": "socialtoken"}}, {"model": "contenttypes.contenttype", "fields": {"app_label": "comments", "model": "comment"}}, {"model": "contenttypes.contenttype", "fields": {"app_label": "posts", "model": "post"}}, {"model": "sessions.session", "pk": "39ie51iwaowxqagpebwn8n7cvszml9xh", "fields": {"session_data": "MjMyMDI1NTAwMWI0NmQ1ZTY2OTdmMTFhYjJlMjY3YmRmMjMzYThkMzp7Il9hdXRoX3VzZXJfaWQiOiIyIiwiX2F1dGhfdXNlcl9iYWNrZW5kIjoiZGphbmdvLmNvbnRyaWIuYXV0aC5iYWNrZW5kcy5Nb2RlbEJhY2tlbmQiLCJfYXV0aF91c2VyX2hhc2giOiJkZDFkYWQ5ZGI0NTEzOTEyZmJjMWFhMmIxNThiZGRmNGU3NDc0ZTM2IiwiX3Nlc3Npb25fZXhwaXJ5IjowfQ==", "expire_date": "2019-01-19T15:48:07.463Z"}}, {"model": "sessions.session", "pk": "4n17r2jr58w8t01lb31q96rxo0rmaj31", "fields": {"session_data": "MjMyMDI1NTAwMWI0NmQ1ZTY2OTdmMTFhYjJlMjY3YmRmMjMzYThkMzp7Il9hdXRoX3VzZXJfaWQiOiIyIiwiX2F1dGhfdXNlcl9iYWNrZW5kIjoiZGphbmdvLmNvbnRyaWIuYXV0aC5iYWNrZW5kcy5Nb2RlbEJhY2tlbmQiLCJfYXV0aF91c2VyX2hhc2giOiJkZDFkYWQ5ZGI0NTEzOTEyZmJjMWFhMmIxNThiZGRmNGU3NDc0ZTM2IiwiX3Nlc3Npb25fZXhwaXJ5IjowfQ==", "expire_date": "2019-01-22T13:55:06.386Z"}}, {"model": "sessions.session", "pk": "52lljzvbeblxlnerfljh7g33qz0ey3ru", "fields": {"session_data": "MjMyMDI1NTAwMWI0NmQ1ZTY2OTdmMTFhYjJlMjY3YmRmMjMzYThkMzp7Il9hdXRoX3VzZXJfaWQiOiIyIiwiX2F1dGhfdXNlcl9iYWNrZW5kIjoiZGphbmdvLmNvbnRyaWIuYXV0aC5iYWNrZW5kcy5Nb2RlbEJhY2tlbmQiLCJfYXV0aF91c2VyX2hhc2giOiJkZDFkYWQ5ZGI0NTEzOTEyZmJjMWFhMmIxNThiZGRmNGU3NDc0ZTM2IiwiX3Nlc3Npb25fZXhwaXJ5IjowfQ==", "expire_date": "2019-01-18T20:39:31.656Z"}}, {"model": "sites.site", "fields": {"domain": "example.com", "name": "example.com"}}, {"model": "thumbnail.kvstore", "pk": "sorl-thumbnail||image||00e1be239c41c1a6ced954d8d81cf22e", "fields": {"value": "{\"name\": \"cache/08/08/0808d36b7899634a99fe69c412278518.jpg\", \"storage\": \"django.core.files.storage.FileSystemStorage\", \"size\": [250, 250]}"}}, {"model": "thumbnail.kvstore", "pk": "sorl-thumbnail||image||3a33c517865b0724be82ea45f1c5a517", "fields": {"value": "{\"name\": \"cache/7d/ad/7dad357ef56ae71aee7e699519726258.jpg\", \"storage\": \"django.core.files.storage.FileSystemStorage\", \"size\": [31, 30]}"}}, {"model": "thumbnail.kvstore", "pk": "sorl-thumbnail||image||61999ef37c7469c7eb2de9ddf7c19ad7", "fields": {"value": "{\"name\": \"cache/b1/08/b108e1dd8264f309da6d13fc40eb87d1.jpg\", \"storage\": \"django.core.files.storage.FileSystemStorage\", \"size\": [82, 80]}"}}, {"model": "thumbnail.kvstore", "pk": "sorl-thumbnail||image||668bf0aca3c4b89878260e7864e4e3f2", "fields": {"value": "{\"name\": \"cache/88/69/886908f3c64d8d53dcd0ac601a9c40be.jpg\", \"storage\": \"django.core.files.storage.FileSystemStorage\", \"size\": [80, 80]}"}}, {"model": "thumbnail.kvstore", "pk": "sorl-thumbnail||image||8bf8a407190e020d86198622e49a170d", "fields": {"value": "{\"name\": \"cache/b2/d3/b2d31d29e681e2fbafc8761858e7832c.jpg\", \"storage\": \"django.core.files.storage.FileSystemStorage\", \"size\": [30, 30]}"}}, {"model": "thumbnail.kvstore", "pk": "sorl-thumbnail||image||abdcb012b8515aa559b98a4d87141f66", "fields": {"value": "{\"name\": \"profile_pics/goufanPic_53UJO9V.jpg\", \"storage\": \"django.core.files.storage.FileSystemStorage\", \"size\": [640, 640]}"}}, {"model": "thumbnail.kvstore", "pk": "sorl-thumbnail||image||be113e93e7bdb8894160efc69cdcea8d", "fields": {"value": "{\"name\": \"cache/79/9f/799fd5320e5fb8d08061873aa7fb444b.jpg\", \"storage\": \"django.core.files.storage.FileSystemStorage\", \"size\": [256, 250]}"}}, {"model": "thumbnail.kvstore", "pk": "sorl-thumbnail||image||c224de065e77ee7e555a29709ca0e5d1", "fields": {"value": "{\"name\": \"profile_pics/albumLogo_ZNsIjx5.PNG\", \"storage\": \"django.core.files.storage.FileSystemStorage\", \"size\": [408, 399]}"}}, {"model": "thumbnail.kvstore", "pk": "sorl-thumbnail||thumbnails||abdcb012b8515aa559b98a4d87141f66", "fields": {"value": "[\"00e1be239c41c1a6ced954d8d81cf22e\", \"668bf0aca3c4b89878260e7864e4e3f2\", \"8bf8a407190e020d86198622e49a170d\"]"}}, {"model": "thumbnail.kvstore", "pk": "sorl-thumbnail||thumbnails||c224de065e77ee7e555a29709ca0e5d1", "fields": {"value": "[\"3a33c517865b0724be82ea45f1c5a517\", \"be113e93e7bdb8894160efc69cdcea8d\", \"61999ef37c7469c7eb2de9ddf7c19ad7\"]"}}, {"model": "taggit.tag", "pk": 1, "fields": {"name": "politique", "slug": "politique"}}, {"model": "taggit.tag", "pk": 2, "fields": {"name": "relations", "slug": "relations"}}, {"model": "taggit.tag", "pk": 3, "fields": {"name": "jeux_videos", "slug": "jeux_videos"}}, {"model": "taggit.tag", "pk": 4, "fields": {"name": "jeux", "slug": "jeux"}}, {"model": "taggit.tag", "pk": 5, "fields": {"name": "videos", "slug": "videos"}}, {"model": "taggit.tag", "pk": 6, "fields": {"name": "douane", "slug": "douane"}}, {"model": "taggit.taggeditem", "pk": 1, "fields": {"tag": 1, "content_type": ["category", "category"], "object_id": 1}}, {"model": "taggit.taggeditem", "pk": 7, "fields": {"tag": 1, "content_type": ["posts", "post"], "object_id": 6}}, {"model": "taggit.taggeditem", "pk": 8, "fields": {"tag": 1, "content_type": ["posts", "post"], "object_id": 7}}, {"model": "taggit.taggeditem", "pk": 9, "fields": {"tag": 2, "content_type": ["category", "category"], "object_id": 2}}, {"model": "taggit.taggeditem", "pk": 10, "fields": {"tag": 2, "content_type": ["posts", "post"], "object_id": 8}}, {"model": "taggit.taggeditem", "pk": 11, "fields": {"tag": 2, "content_type": ["posts", "post"], "object_id": 9}}, {"model": "taggit.taggeditem", "pk": 12, "fields": {"tag": 2, "content_type": ["posts", "post"], "object_id": 10}}, {"model": "taggit.taggeditem", "pk": 13, "fields": {"tag": 1, "content_type": ["posts", "post"], "object_id": 11}}, {"model": "taggit.taggeditem", "pk": 15, "fields": {"tag": 3, "content_type": ["posts", "post"], "object_id": 12}}, {"model": "taggit.taggeditem", "pk": 16, "fields": {"tag": 3, "content_type": ["posts", "post"], "object_id": 13}}, {"model": "taggit.taggeditem", "pk": 17, "fields": {"tag": 3, "content_type": ["posts", "post"], "object_id": 14}}, {"model": "taggit.taggeditem", "pk": 18, "fields": {"tag": 4, "content_type": ["category", "category"], "object_id": 3}}, {"model": "taggit.taggeditem", "pk": 19, "fields": {"tag": 5, "content_type": ["category", "category"], "object_id": 3}}, {"model": "taggit.taggeditem", "pk": 20, "fields": {"tag": 1, "content_type": ["posts", "post"], "object_id": 15}}, {"model": "taggit.taggeditem", "pk": 21, "fields": {"tag": 6, "content_type": ["category", "category"], "object_id": 4}}, {"model": "taggit.taggeditem", "pk": 22, "fields": {"tag": 6, "content_type": ["posts", "post"], "object_id": 16}}, {"model": "taggit.taggeditem", "pk": 23, "fields": {"tag": 6, "content_type": ["posts", "post"], "object_id": 17}}, {"model": "auth.permission", "fields": {"name": "Can add permission", "content_type": ["auth", "permission"], "codename": "add_permission"}}, {"model": "auth.permission", "fields": {"name": "Can change permission", "content_type": ["auth", "permission"], "codename": "change_permission"}}, {"model": "auth.permission", "fields": {"name": "Can delete permission", "content_type": ["auth", "permission"], "codename": "delete_permission"}}, {"model": "auth.permission", "fields": {"name": "Can view permission", "content_type": ["auth", "permission"], "codename": "view_permission"}}, {"model": "auth.permission", "fields": {"name": "Can add group", "content_type": ["auth", "group"], "codename": "add_group"}}, {"model": "auth.permission", "fields": {"name": "Can change group", "content_type": ["auth", "group"], "codename": "change_group"}}, {"model": "auth.permission", "fields": {"name": "Can delete group", "content_type": ["auth", "group"], "codename": "delete_group"}}, {"model": "auth.permission", "fields": {"name": "Can view group", "content_type": ["auth", "group"], "codename": "view_group"}}, {"model": "auth.permission", "fields": {"name": "Can add content type", "content_type": ["contenttypes", "contenttype"], "codename": "add_contenttype"}}, {"model": "auth.permission", "fields": {"name": "Can change content type", "content_type": ["contenttypes", "contenttype"], "codename": "change_contenttype"}}, {"model": "auth.permission", "fields": {"name": "Can delete content type", "content_type": ["contenttypes", "contenttype"], "codename": "delete_contenttype"}}, {"model": "auth.permission", "fields": {"name": "Can view content type", "content_type": ["contenttypes", "contenttype"], "codename": "view_contenttype"}}, {"model": "auth.permission", "fields": {"name": "Can add user", "content_type": ["jb_users", "user"], "codename": "add_user"}}, {"model": "auth.permission", "fields": {"name": "Can change user", "content_type": ["jb_users", "user"], "codename": "change_user"}}, {"model": "auth.permission", "fields": {"name": "Can delete user", "content_type": ["jb_users", "user"], "codename": "delete_user"}}, {"model": "auth.permission", "fields": {"name": "Can view user", "content_type": ["jb_users", "user"], "codename": "view_user"}}, {"model": "auth.permission", "fields": {"name": "Can add Tag", "content_type": ["taggit", "tag"], "codename": "add_tag"}}, {"model": "auth.permission", "fields": {"name": "Can change Tag", "content_type": ["taggit", "tag"], "codename": "change_tag"}}, {"model": "auth.permission", "fields": {"name": "Can delete Tag", "content_type": ["taggit", "tag"], "codename": "delete_tag"}}, {"model": "auth.permission", "fields": {"name": "Can view Tag", "content_type": ["taggit", "tag"], "codename": "view_tag"}}, {"model": "auth.permission", "fields": {"name": "Can add Tagged Item", "content_type": ["taggit", "taggeditem"], "codename": "add_taggeditem"}}, {"model": "auth.permission", "fields": {"name": "Can change Tagged Item", "content_type": ["taggit", "taggeditem"], "codename": "change_taggeditem"}}, {"model": "auth.permission", "fields": {"name": "Can delete Tagged Item", "content_type": ["taggit", "taggeditem"], "codename": "delete_taggeditem"}}, {"model": "auth.permission", "fields": {"name": "Can view Tagged Item", "content_type": ["taggit", "taggeditem"], "codename": "view_taggeditem"}}, {"model": "auth.permission", "fields": {"name": "Can add category", "content_type": ["category", "category"], "codename": "add_category"}}, {"model": "auth.permission", "fields": {"name": "Can change category", "content_type": ["category", "category"], "codename": "change_category"}}, {"model": "auth.permission", "fields": {"name": "Can delete category", "content_type": ["category", "category"], "codename": "delete_category"}}, {"model": "auth.permission", "fields": {"name": "Can view category", "content_type": ["category", "category"], "codename": "view_category"}}, {"model": "auth.permission", "fields": {"name": "Can add log entry", "content_type": ["admin", "logentry"], "codename": "add_logentry"}}, {"model": "auth.permission", "fields": {"name": "Can change log entry", "content_type": ["admin", "logentry"], "codename": "change_logentry"}}, {"model": "auth.permission", "fields": {"name": "Can delete log entry", "content_type": ["admin", "logentry"], "codename": "delete_logentry"}}, {"model": "auth.permission", "fields": {"name": "Can view log entry", "content_type": ["admin", "logentry"], "codename": "view_logentry"}}, {"model": "auth.permission", "fields": {"name": "Can add session", "content_type": ["sessions", "session"], "codename": "add_session"}}, {"model": "auth.permission", "fields": {"name": "Can change session", "content_type": ["sessions", "session"], "codename": "change_session"}}, {"model": "auth.permission", "fields": {"name": "Can delete session", "content_type": ["sessions", "session"], "codename": "delete_session"}}, {"model": "auth.permission", "fields": {"name": "Can view session", "content_type": ["sessions", "session"], "codename": "view_session"}}, {"model": "auth.permission", "fields": {"name": "Can add site", "content_type": ["sites", "site"], "codename": "add_site"}}, {"model": "auth.permission", "fields": {"name": "Can change site", "content_type": ["sites", "site"], "codename": "change_site"}}, {"model": "auth.permission", "fields": {"name": "Can delete site", "content_type": ["sites", "site"], "codename": "delete_site"}}, {"model": "auth.permission", "fields": {"name": "Can view site", "content_type": ["sites", "site"], "codename": "view_site"}}, {"model": "auth.permission", "fields": {"name": "Can add kv store", "content_type": ["thumbnail", "kvstore"], "codename": "add_kvstore"}}, {"model": "auth.permission", "fields": {"name": "Can change kv store", "content_type": ["thumbnail", "kvstore"], "codename": "change_kvstore"}}, {"model": "auth.permission", "fields": {"name": "Can delete kv store", "content_type": ["thumbnail", "kvstore"], "codename": "delete_kvstore"}}, {"model": "auth.permission", "fields": {"name": "Can view kv store", "content_type": ["thumbnail", "kvstore"], "codename": "view_kvstore"}}, {"model": "auth.permission", "fields": {"name": "Can add email address", "content_type": ["account", "emailaddress"], "codename": "add_emailaddress"}}, {"model": "auth.permission", "fields": {"name": "Can change email address", "content_type": ["account", "emailaddress"], "codename": "change_emailaddress"}}, {"model": "auth.permission", "fields": {"name": "Can delete email address", "content_type": ["account", "emailaddress"], "codename": "delete_emailaddress"}}, {"model": "auth.permission", "fields": {"name": "Can view email address", "content_type": ["account", "emailaddress"], "codename": "view_emailaddress"}}, {"model": "auth.permission", "fields": {"name": "Can add email confirmation", "content_type": ["account", "emailconfirmation"], "codename": "add_emailconfirmation"}}, {"model": "auth.permission", "fields": {"name": "Can change email confirmation", "content_type": ["account", "emailconfirmation"], "codename": "change_emailconfirmation"}}, {"model": "auth.permission", "fields": {"name": "Can delete email confirmation", "content_type": ["account", "emailconfirmation"], "codename": "delete_emailconfirmation"}}, {"model": "auth.permission", "fields": {"name": "Can view email confirmation", "content_type": ["account", "emailconfirmation"], "codename": "view_emailconfirmation"}}, {"model": "auth.permission", "fields": {"name": "Can add social account", "content_type": ["socialaccount", "socialaccount"], "codename": "add_socialaccount"}}, {"model": "auth.permission", "fields": {"name": "Can change social account", "content_type": ["socialaccount", "socialaccount"], "codename": "change_socialaccount"}}, {"model": "auth.permission", "fields": {"name": "Can delete social account", "content_type": ["socialaccount", "socialaccount"], "codename": "delete_socialaccount"}}, {"model": "auth.permission", "fields": {"name": "Can view social account", "content_type": ["socialaccount", "socialaccount"], "codename": "view_socialaccount"}}, {"model": "auth.permission", "fields": {"name": "Can add social application", "content_type": ["socialaccount", "socialapp"], "codename": "add_socialapp"}}, {"model": "auth.permission", "fields": {"name": "Can change social application", "content_type": ["socialaccount", "socialapp"], "codename": "change_socialapp"}}, {"model": "auth.permission", "fields": {"name": "Can delete social application", "content_type": ["socialaccount", "socialapp"], "codename": "delete_socialapp"}}, {"model": "auth.permission", "fields": {"name": "Can view social application", "content_type": ["socialaccount", "socialapp"], "codename": "view_socialapp"}}, {"model": "auth.permission", "fields": {"name": "Can add social application token", "content_type": ["socialaccount", "socialtoken"], "codename": "add_socialtoken"}}, {"model": "auth.permission", "fields": {"name": "Can change social application token", "content_type": ["socialaccount", "socialtoken"], "codename": "change_socialtoken"}}, {"model": "auth.permission", "fields": {"name": "Can delete social application token", "content_type": ["socialaccount", "socialtoken"], "codename": "delete_socialtoken"}}, {"model": "auth.permission", "fields": {"name": "Can view social application token", "content_type": ["socialaccount", "socialtoken"], "codename": "view_socialtoken"}}, {"model": "auth.permission", "fields": {"name": "Can add comment", "content_type": ["comments", "comment"], "codename": "add_comment"}}, {"model": "auth.permission", "fields": {"name": "Can change comment", "content_type": ["comments", "comment"], "codename": "change_comment"}}, {"model": "auth.permission", "fields": {"name": "Can delete comment", "content_type": ["comments", "comment"], "codename": "delete_comment"}}, {"model": "auth.permission", "fields": {"name": "Can view comment", "content_type": ["comments", "comment"], "codename": "view_comment"}}, {"model": "auth.permission", "fields": {"name": "Can add post", "content_type": ["posts", "post"], "codename": "add_post"}}, {"model": "auth.permission", "fields": {"name": "Can change post", "content_type": ["posts", "post"], "codename": "change_post"}}, {"model": "auth.permission", "fields": {"name": "Can delete post", "content_type": ["posts", "post"], "codename": "delete_post"}}, {"model": "auth.permission", "fields": {"name": "Can view post", "content_type": ["posts", "post"], "codename": "view_post"}}, {"model": "jb_users.user", "fields": {"password": "pbkdf2_sha256$120000$PMkQ58tNSxPW$Rq33K+QN1kowzC1XBbdNYnY794kDlibzz1XU2qvOqBg=", "last_login": "2019-01-08T13:50:38.937Z", "is_superuser": false, "username": "Gregory", "first_name": "", "last_name": "", "email": "gregory.goufan@gmail.com", "is_staff": false, "is_active": true, "date_joined": "2019-01-04T20:24:48.613Z", "name": "", "picture": "profile_pics/goufanPic_53UJO9V.jpg", "location": null, "job_title": null, "short_bio": null, "bio": null, "groups": [], "user_permissions": []}}, {"model": "jb_users.user", "fields": {"password": "pbkdf2_sha256$120000$2SymjNHy4Kvo$zuAdku2Nb0Y/r94yNZmMHt2AAnQ0kL9brazcZOteS4Q=", "last_login": "2019-01-08T13:55:06.313Z", "is_superuser": true, "username": "Galabru", "first_name": "", "last_name": "", "email": "wilson@drums.com", "is_staff": true, "is_active": true, "date_joined": "2019-01-04T20:39:05.881Z", "name": "", "picture": "profile_pics/albumLogo_ZNsIjx5.PNG", "location": null, "job_title": null, "short_bio": null, "bio": null, "groups": [], "user_permissions": []}}, {"model": "account.emailaddress", "pk": 1, "fields": {"user": ["Gregory"], "email": "gregory.goufan@gmail.com", "verified": false, "primary": true}}, {"model": "comments.comment", "pk": 1, "fields": {"user": ["Gregory"], "content_type": ["posts", "post"], "object_id": 15, "parent": null, "content": "post comment", "timestamp": "2019-01-05T23:00:03.575Z"}}, {"model": "comments.comment", "pk": 2, "fields": {"user": ["Gregory"], "content_type": ["posts", "post"], "object_id": 15, "parent": 1, "content": "reply", "timestamp": "2019-01-05T23:00:14.914Z"}}, {"model": "comments.comment", "pk": 3, "fields": {"user": ["Gregory"], "content_type": ["posts", "post"], "object_id": 12, "parent": null, "content": "jjjjjjj", "timestamp": "2019-01-05T23:13:46.151Z"}}, {"model": "comments.comment", "pk": 4, "fields": {"user": ["Galabru"], "content_type": ["posts", "post"], "object_id": 16, "parent": null, "content": "jnjn", "timestamp": "2019-01-06T22:24:14.518Z"}}, {"model": "comments.comment", "pk": 5, "fields": {"user": ["Galabru"], "content_type": ["posts", "post"], "object_id": 16, "parent": null, "content": "l,l,l", "timestamp": "2019-01-06T22:24:21.571Z"}}, {"model": "comments.comment", "pk": 6, "fields": {"user": ["Galabru"], "content_type": ["posts", "post"], "object_id": 16, "parent": 5, "content": "jnjnj", "timestamp": "2019-01-06T22:24:39.372Z"}}, {"model": "comments.comment", "pk": 7, "fields": {"user": ["Galabru"], "content_type": ["posts", "post"], "object_id": 16, "parent": 4, "content": "kknk", "timestamp": "2019-01-06T22:24:46.358Z"}}, {"model": "comments.comment", "pk": 8, "fields": {"user": ["Galabru"], "content_type": ["posts", "post"], "object_id": 16, "parent": 4, "content": ",l,l,", "timestamp": "2019-01-06T22:27:22.653Z"}}, {"model": "category.category", "pk": 1, "fields": {"user": ["Galabru"], "title": "politique", "description": "Parle de tous ce qui a trait a la chose politique au cameroun\r\n et dans le reste du mode.", "slug": "politique", "image": "None/None_tRir3xR.jpg", "height_field": 720, "width_field": 1280, "updated": "2019-01-05T17:56:17.293Z", "timestamp": "2019-01-05T17:56:17.293Z"}}, {"model": "category.category", "pk": 2, "fields": {"user": ["Galabru"], "title": "Relations amoureuses", "description": "Parle de comments gerer ses relations avant et pendant le mariage\r\net quelque tips pour etre un ass.", "slug": "relations-amoureuses", "image": "None/None_1YHbtfx.jpg", "height_field": 250, "width_field": 400, "updated": "2019-01-05T20:02:54.462Z", "timestamp": "2019-01-05T20:02:54.462Z"}}, {"model": "category.category", "pk": 3, "fields": {"user": ["Galabru"], "title": "Jeux video", "description": "Parle des nouvaut\u00e9es en mati\u00e8re de jeux vid\u00e9o", "slug": "jeux-video", "image": "None/None_B11gWqb.jpg", "height_field": 768, "width_field": 1174, "updated": "2019-01-05T20:14:56.880Z", "timestamp": "2019-01-05T20:11:45.142Z"}}, {"model": "category.category", "pk": 4, "fields": {"user": ["Galabru"], "title": "G\u00e9rer avec la douane", "description": "Sujets concernant tout ce qui a trait a la douane au cameroun\r\net les bons plans d'achat de vehicles", "slug": "gerer-avec-la-douane-au-cameroun", "image": "None/None_WY4quCu.png", "height_field": 768, "width_field": 1366, "updated": "2019-01-08T13:55:29.308Z", "timestamp": "2019-01-05T23:20:37.711Z"}}, {"model": "posts.post", "pk": 6, "fields": {"user": ["Galabru"], "category": 1, "title": "category politique article 1", "slug": "category-politique-article-1", "image": "6/6.jpg", "height_field": 720, "width_field": 1280, "content": "category politique article 1", "draft": false, "publish": "2019-02-01", "read_time": 1, "updated": "2019-01-05T19:02:54.877Z", "timestamp": "2019-01-05T18:50:37.039Z"}}, {"model": "posts.post", "pk": 7, "fields": {"user": ["Galabru"], "category": 1, "title": "category politique article 2", "slug": "category-politique-article-2", "image": "None/None_a0uwWkt.PNG", "height_field": 399, "width_field": 408, "content": "urlpatterns += static(settings.MEDIA_URL, document_root=settings.MEDIA_ROOT)", "draft": false, "publish": "2019-02-01", "read_time": 1, "updated": "2019-01-05T19:02:18.847Z", "timestamp": "2019-01-05T19:02:18.848Z"}}, {"model": "posts.post", "pk": 8, "fields": {"user": ["Galabru"], "category": 2, "title": "Relations amoureuses article 1", "slug": "relations-amoureuses-article-1", "image": "None/None_ACVZuSg.jpg", "height_field": 250, "width_field": 400, "content": "Relations amoureuses article 1 un contenu", "draft": false, "publish": "2019-10-01", "read_time": 1, "updated": "2019-01-05T20:03:50.995Z", "timestamp": "2019-01-05T20:03:50.995Z"}}, {"model": "posts.post", "pk": 9, "fields": {"user": ["Galabru"], "category": 2, "title": "Relations amoureuses article 2", "slug": "relations-amoureuses-article-2", "image": "None/None_3VOtZVb.jpg", "height_field": 250, "width_field": 400, "content": "Relations amoureuses article 2 un contenu", "draft": false, "publish": "2019-02-01", "read_time": 1, "updated": "2019-01-05T20:08:45.774Z", "timestamp": "2019-01-05T20:08:45.774Z"}}, {"model": "posts.post", "pk": 10, "fields": {"user": ["Galabru"], "category": 2, "title": "Relations amoureuses article 3", "slug": "relations-amoureuses-article-3", "image": "None/None_lGXCggv.jpg", "height_field": 250, "width_field": 400, "content": "Relations amoureuses article 3 un contenu", "draft": false, "publish": "2019-09-01", "read_time": 1, "updated": "2019-01-05T20:09:22.681Z", "timestamp": "2019-01-05T20:09:22.681Z"}}, {"model": "posts.post", "pk": 11, "fields": {"user": ["Galabru"], "category": 1, "title": "category politique article 3", "slug": "category-politique-article-3", "image": "None/None_eU8A1E6.jpg", "height_field": 720, "width_field": 1280, "content": "category politique article 3", "draft": false, "publish": "2019-08-01", "read_time": 1, "updated": "2019-01-05T20:10:12.449Z", "timestamp": "2019-01-05T20:10:12.449Z"}}, {"model": "posts.post", "pk": 12, "fields": {"user": ["Galabru"], "category": 3, "title": "jeux videos title 1", "slug": "jeux-videos-title-1", "image": "None/None_9aAYNkn.jpg", "height_field": 768, "width_field": 1174, "content": "jeux videos title 1 quelque contenu", "draft": false, "publish": "2019-11-01", "read_time": 1, "updated": "2019-01-05T20:12:55.889Z", "timestamp": "2019-01-05T20:12:55.889Z"}}, {"model": "posts.post", "pk": 13, "fields": {"user": ["Galabru"], "category": 3, "title": "jeux videos title 2", "slug": "jeux-videos-title-2", "image": "None/None_2ysaWNg.jpg", "height_field": 768, "width_field": 1174, "content": "jeux videos title 2 un contenu", "draft": false, "publish": "2019-07-01", "read_time": 1, "updated": "2019-01-05T20:13:33.028Z", "timestamp": "2019-01-05T20:13:33.028Z"}}, {"model": "posts.post", "pk": 14, "fields": {"user": ["Galabru"], "category": 3, "title": "jeux videos title 3", "slug": "jeux-videos-title-3", "image": "None/None_EP3xSv4.jpg", "height_field": 768, "width_field": 1174, "content": "jeux videos title 3 un contenu", "draft": false, "publish": "2019-04-01", "read_time": 1, "updated": "2019-01-05T20:14:12.842Z", "timestamp": "2019-01-05T20:14:12.842Z"}}, {"model": "posts.post", "pk": 15, "fields": {"user": ["Gregory"], "category": 1, "title": "category politique article 4", "slug": "category-politique-article-4", "image": "None/None_ykOctf0.jpg", "height_field": 577, "width_field": 770, "content": "category politique article 4 un contenu", "draft": false, "publish": "2019-02-12", "read_time": 1, "updated": "2019-01-05T22:59:29.227Z", "timestamp": "2019-01-05T20:32:53.588Z"}}, {"model": "posts.post", "pk": 16, "fields": {"user": ["Galabru"], "category": 4, "title": "G\u00e9rer avec la douane au cameroun titre 1", "slug": "gerer-avec-la-douane-au-cameroun-titre-1", "image": "None/None_DfUkWp4.png", "height_field": 768, "width_field": 1366, "content": "G\u00e9rer avec la douane au cameroun titre 1 un contenu", "draft": false, "publish": "2019-08-19", "read_time": 1, "updated": "2019-01-05T23:21:53.871Z", "timestamp": "2019-01-05T23:21:53.871Z"}}, {"model": "posts.post", "pk": 17, "fields": {"user": ["Galabru"], "category": 4, "title": "nouveau article", "slug": "nouveau-article", "image": "None/None_S9LIuQo.png", "height_field": 768, "width_field": 1366, "content": "un contenu", "draft": false, "publish": "2019-10-18", "read_time": 1, "updated": "2019-01-08T14:05:34.721Z", "timestamp": "2019-01-08T14:05:34.721Z"}}]